{
    "body_betas": [
        -0.33573766365463353,
        -0.02555933156134101,
        0.18161642234082576,
        0.2414426839462033,
        0.09316469718023766,
        0.0781409813746534,
        0.05490879934959481,
        0.0006907434536167133,
        0.00483484372455644,
        -0.08348363920770309
    ],
    "body_scale": 1.03760677870409,
    "body_trans": [
        -0.09663019255723482,
        0.9055403390048463,
        0.6906452694056947
    ],
    "body_root_orient": [
        1.1380649275249906,
        0.17842093835632247,
        0.23472906271984548
    ]
}